<?xml version="1.0" encoding="UTF-8" standalone="yes"?>
<Appliances>
    <Teapot>
        <price>500</price>
        <powerConsumption>1000</powerConsumption>
        <weight>10</weight>
        <capacity>32</capacity>
        <depth>60</depth>
        <heigth>45.5</heigth>
        <width>59.5</width>
    </Teapot>
    <Teapot>
        <price>400</price>
        <powerConsumption>1500</powerConsumption>
        <weight>12</weight>
        <capacity>33</capacity>
        <depth>60</depth>
        <heigth>45</heigth>
        <width>68</width>
    </Teapot>
    <Teapot>
        <price>510</price>
        <powerConsumption>2000</powerConsumption>
        <weight>11</weight>
        <capacity>33</capacity>
        <depth>60</depth>
        <heigth>40</heigth>
        <width>70</width>
    </Teapot>
    <Laptop>
        <price>1200</price>
        <batteryCapacity>1</batteryCapacity>
        <os>Windows</os>
        <memoryRom>4000</memoryRom>
        <systemMemory>1000</systemMemory>
        <cpu>1.2</cpu>
        <displayInches>18</displayInches>
    </Laptop>
    <Laptop>
        <price>1430</price>
        <batteryCapacity>1.5</batteryCapacity>
        <os>Linux</os>
        <memoryRom>8000</memoryRom>
        <systemMemory>1000</systemMemory>
        <cpu>2.2</cpu>
        <displayInches>19</displayInches>
    </Laptop>
    <Laptop>
        <price>1650</price>
        <batteryCapacity>3</batteryCapacity>
        <os>Windows</os>
        <memoryRom>8000</memoryRom>
        <systemMemory>1500</systemMemory>
        <cpu>3.2</cpu>
        <displayInches>22</displayInches>
    </Laptop>
    <Refrigerator>
        <price>700</price>
        <powerConsumption>100</powerConsumption>
        <weight>20</weight>
        <freezerCapacity>10</freezerCapacity>
        <overallCapacity>300</overallCapacity>
        <heigth>200</heigth>
        <width>70</width>
    </Refrigerator>
    <Refrigerator>
        <price>670</price>
        <powerConsumption>200</powerConsumption>
        <weight>30</weight>
        <freezerCapacity>15</freezerCapacity>
        <overallCapacity>300</overallCapacity>
        <heigth>180</heigth>
        <width>80</width>
    </Refrigerator>
    <Refrigerator>
        <price>700</price>
        <powerConsumption>150</powerConsumption>
        <weight>35</weight>
        <freezerCapacity>20</freezerCapacity>
        <overallCapacity>350.5</overallCapacity>
        <heigth>250</heigth>
        <width>75</width>
    </Refrigerator>
    <VacuumCleaner>
        <price>320</price>
        <powerConsumption>100</powerConsumption>
        <filterType>A</filterType>
        <bagType>A2</bagType>
        <wandType>all-in-one</wandType>
        <motrSpeedRegulation>3000</motrSpeedRegulation>
        <cleaningWidth>20</cleaningWidth>
    </VacuumCleaner>
    <VacuumCleaner>
        <price>400</price>
        <powerConsumption>110</powerConsumption>
        <filterType>B</filterType>
        <bagType>AA-89</bagType>
        <wandType>all-in-one</wandType>
        <motrSpeedRegulation>2900</motrSpeedRegulation>
        <CLEANING_WIDTH>25</CLEANING_WIDTH>
    </VacuumCleaner>
    <VacuumCleaner>
        <price>380</price>
        <powerConsumption>90</powerConsumption>
        <filterType>C</filterType>
        <bagType>XX00</bagType>
        <wandType>all-in-one</wandType>
        <motrSpeedRegulation>2950</motrSpeedRegulation>
        <cleaningWidth>30</cleaningWidth>
    </VacuumCleaner>
    <TabletPC>
        <price>800</price>
        <batteryCapacity>3</batteryCapacity>
        <displayInches>14</displayInches>
        <memoryRom>8000</memoryRom>
        <flashMemoryCapacity>2</flashMemoryCapacity>
        <color>blue</color>
    </TabletPC>
    <TabletPC>
        <price>876</price>
        <batteryCapacity>4</batteryCapacity>
        <displayInches>15</displayInches>
        <memoryRom>8000</memoryRom>
        <flashMemoryCapacity>6</flashMemoryCapacity>
        <color>red</color>
    </TabletPC>
    <TabletPC>
        <price>760</price>
        <batteryCapacity>5</batteryCapacity>
        <displayInches>16</displayInches>
        <memoryRom>16000</memoryRom>
        <flashMemoryCapacity>8</flashMemoryCapacity>
        <color>green</color>
    </TabletPC>
    <Speakers>
        <price>100</price>
        <powerConsumption>15</powerConsumption>
        <numberOfSpeakers>2</numberOfSpeakers>
        <frequencyRange>2-4</frequencyRange>
        <cordLength>2</cordLength>
    </Speakers>
    <Speakers>
        <price>90</price>
        <powerConsumption>20</powerConsumption>
        <numberOfSpeakers>3</numberOfSpeakers>
        <frequencyRange>3-4</frequencyRange>
        <cordLength>3</cordLength>
    </Speakers>
    <Speakers>
        <price>140</price>
        <powerConsumption>17</powerConsumption>
        <numberOfSpeakers>4</numberOfSpeakers>
        <frequencyRange>2-3.5</frequencyRange>
        <cordLength>4</cordLength>
    </Speakers>
</Appliances>